timestamp,open,high,low,close,volume
2021-01-01T00:00:00,30000.00,30078.02,29857.64,29906.93,50.83
2021-01-01T01:00:00,29906.93,30017.59,29555.30,29681.34,40.49
2021-01-01T02:00:00,29681.34,29727.79,29300.45,29400.34,82.58
2021-01-01T03:00:00,29400.34,29437.94,29220.50,29279.01,90.62
2021-01-01T04:00:00,29279.01,29417.72,29249.26,29333.78,93.48
2021-01-01T05:00:00,29333.78,29366.26,29222.49,29289.29,72.23
2021-01-01T06:00:00,29289.29,29391.68,29115.58,29259.88,88.21
2021-01-01T07:00:00,29259.88,29402.60,28999.08,29114.56,70.88
2021-01-01T08:00:00,29114.56,29150.03,28846.62,28871.83,48.47
2021-01-01T09:00:00,28871.83,29026.14,28763.93,28889.43,80.34
2021-01-01T10:00:00,28889.43,29261.31,28791.06,29117.84,64.35
2021-01-01T11:00:00,29117.84,29181.39,28960.83,29001.26,42.69
2021-01-01T12:00:00,29001.26,29107.24,28923.46,28955.91,80.10
2021-01-01T13:00:00,28955.91,29060.22,28766.56,28889.61,76.24
2021-01-01T14:00:00,28889.61,29025.70,28884.38,28925.17,64.45
2021-01-01T15:00:00,28925.17,29117.61,28840.23,29079.41,97.40
2021-01-01T16:00:00,29079.41,29212.37,28755.66,28897.66,22.56
2021-01-01T17:00:00,28897.66,28992.45,28859.20,28974.72,80.29
2021-01-01T18:00:00,28974.72,29122.74,28860.02,29046.94,90.91
2021-01-01T19:00:00,29046.94,29148.86,28935.36,28945.43,89.43
2021-01-01T20:00:00,28945.43,28997.76,28784.84,28884.98,57.69
2021-01-01T21:00:00,28884.98,29182.01,28792.32,29082.80,25.22
2021-01-01T22:00:00,29082.80,29335.69,28982.28,29223.23,91.13
2021-01-01T23:00:00,29223.23,29288.22,29112.48,29205.44,29.79
2021-01-02T00:00:00,29205.44,29225.27,29117.45,29175.59,67.42
2021-01-02T01:00:00,29175.59,29282.43,29064.11,29197.79,36.27
2021-01-02T02:00:00,29197.79,29378.35,29123.90,29282.53,41.01
2021-01-02T03:00:00,29282.53,29371.19,29227.84,29344.51,29.81
2021-01-02T04:00:00,29344.51,29409.65,29265.18,29344.99,22.02
2021-01-02T05:00:00,29344.99,29484.87,29065.83,29159.93,68.35
2021-01-02T06:00:00,29159.93,29285.70,29096.83,29271.40,43.63
2021-01-02T07:00:00,29271.40,29281.66,28914.59,29049.68,83.22
2021-01-02T08:00:00,29049.68,29054.50,28693.03,28819.37,23.22
2021-01-02T09:00:00,28819.37,29035.10,28811.45,29032.68,56.74
2021-01-02T10:00:00,29032.68,29074.01,28736.34,28801.42,35.89
2021-01-02T11:00:00,28801.42,28963.87,28733.64,28824.05,83.66
2021-01-02T12:00:00,28824.05,28966.08,28642.86,28730.91,99.29
2021-01-02T13:00:00,28730.91,28890.36,28707.57,28790.24,30.24
2021-01-02T14:00:00,28790.24,29021.74,28705.62,28931.74,69.05
2021-01-02T15:00:00,28931.74,29108.07,28842.65,28975.11,62.62
2021-01-02T16:00:00,28975.11,29109.77,28666.76,28754.47,22.57
2021-01-02T17:00:00,28754.47,28858.34,28502.41,28561.83,27.44
2021-01-02T18:00:00,28561.83,28646.59,28308.45,28408.48,32.44
2021-01-02T19:00:00,28408.48,28525.80,28036.06,28139.23,35.84
2021-01-02T20:00:00,28139.23,28171.65,27812.90,27902.74,70.10
2021-01-02T21:00:00,27902.74,28055.76,27871.78,27981.23,60.07
2021-01-02T22:00:00,27981.23,28006.92,27734.41,27836.40,61.18
2021-01-02T23:00:00,27836.40,28120.65,27713.34,28000.59,59.94
2021-01-03T00:00:00,28000.59,28090.54,27986.15,28065.24,97.64
2021-01-03T01:00:00,28065.24,28318.15,27933.05,28217.43,77.13
2021-01-03T02:00:00,28217.43,28511.38,28169.79,28473.84,98.27
2021-01-03T03:00:00,28473.84,28563.80,28177.86,28229.31,21.10
2021-01-03T04:00:00,28229.31,28572.22,28190.76,28510.88,75.17
2021-01-03T05:00:00,28510.88,28652.78,28417.81,28594.83,67.62
2021-01-03T06:00:00,28594.83,28806.96,28518.13,28700.56,68.76
2021-01-03T07:00:00,28700.56,28954.38,28619.79,28918.43,64.47
2021-01-03T08:00:00,28918.43,28943.41,28703.18,28748.08,21.72
2021-01-03T09:00:00,28748.08,28832.40,28640.68,28699.62,10.42
2021-01-03T10:00:00,28699.62,28879.27,28562.49,28871.93,96.95
2021-01-03T11:00:00,28871.93,29131.66,28809.80,29070.74,66.63
2021-01-03T12:00:00,29070.74,29273.05,29067.96,29188.36,71.36
2021-01-03T13:00:00,29188.36,29446.25,29119.47,29427.76,16.80
2021-01-03T14:00:00,29427.76,29492.03,29248.94,29351.39,75.45
2021-01-03T15:00:00,29351.39,29483.46,28957.52,29076.78,75.89
2021-01-03T16:00:00,29076.78,29136.12,28853.55,28990.09,38.87
2021-01-03T17:00:00,28990.09,29065.82,28981.03,29034.61,87.12
2021-01-03T18:00:00,29034.61,29129.14,28851.68,28977.45,50.83
2021-01-03T19:00:00,28977.45,29144.66,28923.64,29041.63,62.93
2021-01-03T20:00:00,29041.63,29121.62,28707.95,28789.35,92.84
2021-01-03T21:00:00,28789.35,28914.77,28732.43,28768.17,52.41
2021-01-03T22:00:00,28768.17,28956.44,28691.28,28820.94,78.18
2021-01-03T23:00:00,28820.94,29062.90,28799.40,28930.59,40.28
2021-01-04T00:00:00,28930.59,29057.82,28877.86,29046.31,91.98
2021-01-04T01:00:00,29046.31,29068.15,28641.61,28779.97,61.75
2021-01-04T02:00:00,28779.97,28917.14,28665.75,28824.36,20.02
2021-01-04T03:00:00,28824.36,28954.65,28452.46,28558.36,21.68
2021-01-04T04:00:00,28558.36,28647.26,28494.89,28508.24,99.22
2021-01-04T05:00:00,28508.24,28621.21,28434.87,28470.77,39.30
2021-01-04T06:00:00,28470.77,28545.32,28324.97,28398.41,49.62
2021-01-04T07:00:00,28398.41,28526.12,28173.91,28222.96,31.82
2021-01-04T08:00:00,28222.96,28404.35,28122.96,28340.42,10.47
2021-01-04T09:00:00,28340.42,28469.72,28340.26,28403.80,88.76
2021-01-04T10:00:00,28403.80,28429.22,28026.59,28156.87,17.44
2021-01-04T11:00:00,28156.87,28207.40,27991.10,28127.53,75.96
2021-01-04T12:00:00,28127.53,28146.62,28009.56,28010.35,29.32
2021-01-04T13:00:00,28010.35,28027.75,27903.27,27964.24,78.67
2021-01-04T14:00:00,27964.24,28235.13,27937.28,28164.72,19.66
2021-01-04T15:00:00,28164.72,28277.12,27859.36,27934.14,19.75
2021-01-04T16:00:00,27934.14,27953.36,27749.44,27849.38,78.74
2021-01-04T17:00:00,27849.38,28101.02,27747.13,28015.57,94.43
2021-01-04T18:00:00,28015.57,28354.01,27953.36,28280.16,38.80
2021-01-04T19:00:00,28280.16,28551.55,28242.77,28538.40,14.17
2021-01-04T20:00:00,28538.40,28761.06,28500.46,28627.64,15.03
2021-01-04T21:00:00,28627.64,28882.82,28593.11,28748.20,30.42
2021-01-04T22:00:00,28748.20,29012.70,28715.03,28999.64,32.81
2021-01-04T23:00:00,28999.64,29064.36,28858.90,29034.76,24.64
2021-01-05T00:00:00,29034.76,29217.85,28922.57,29146.78,92.91
2021-01-05T01:00:00,29146.78,29353.09,29019.83,29293.73,10.68
2021-01-05T02:00:00,29293.73,29354.69,29121.98,29130.60,98.50
2021-01-05T03:00:00,29130.60,29237.76,28876.90,28978.14,93.79
2021-01-05T04:00:00,28978.14,29218.62,28900.76,29086.59,50.01
2021-01-05T05:00:00,29086.59,29215.39,28749.25,28823.98,86.52
2021-01-05T06:00:00,28823.98,28902.66,28494.04,28559.43,27.44
2021-01-05T07:00:00,28559.43,28692.54,28203.69,28319.41,26.88
2021-01-05T08:00:00,28319.41,28327.20,28261.39,28286.81,28.50
2021-01-05T09:00:00,28286.81,28396.03,27916.57,28004.39,43.35
2021-01-05T10:00:00,28004.39,28268.63,27910.01,28198.84,97.06
2021-01-05T11:00:00,28198.84,28336.13,28079.05,28175.37,37.64
2021-01-05T12:00:00,28175.37,28259.60,27776.79,27894.23,47.75
2021-01-05T13:00:00,27894.23,28045.38,27877.51,27943.16,88.29
2021-01-05T14:00:00,27943.16,28282.45,27910.16,28172.41,68.18
2021-01-05T15:00:00,28172.41,28511.25,28096.76,28441.31,31.30
2021-01-05T16:00:00,28441.31,28495.55,28308.56,28397.72,74.34
2021-01-05T17:00:00,28397.72,28510.81,28312.43,28422.77,70.41
2021-01-05T18:00:00,28422.77,28459.97,28276.04,28293.82,67.89
2021-01-05T19:00:00,28293.82,28413.51,28070.88,28080.22,72.25
2021-01-05T20:00:00,28080.22,28460.55,27944.20,28352.54,37.44
2021-01-05T21:00:00,28352.54,28722.91,28318.67,28604.21,84.71
2021-01-05T22:00:00,28604.21,28622.99,28439.77,28490.99,66.51
2021-01-05T23:00:00,28490.99,28699.11,28478.24,28643.36,26.39
2021-01-06T00:00:00,28643.36,28786.18,28414.06,28553.91,59.93
2021-01-06T01:00:00,28553.91,28556.10,28188.65,28282.18,10.99
2021-01-06T02:00:00,28282.18,28516.86,28236.53,28444.83,52.40
2021-01-06T03:00:00,28444.83,28569.42,28419.65,28472.73,39.95
2021-01-06T04:00:00,28472.73,28541.86,28437.41,28493.37,96.69
2021-01-06T05:00:00,28493.37,28635.71,28394.03,28493.29,56.92
2021-01-06T06:00:00,28493.29,28532.30,28282.75,28318.97,79.57
2021-01-06T07:00:00,28318.97,28545.87,28255.02,28531.01,47.28
2021-01-06T08:00:00,28531.01,28785.79,28497.80,28664.72,29.58
2021-01-06T09:00:00,28664.72,28918.57,28663.95,28847.04,88.15
2021-01-06T10:00:00,28847.04,28901.84,28789.52,28881.88,40.62
2021-01-06T11:00:00,28881.88,29020.81,28864.23,28956.53,28.73
2021-01-06T12:00:00,28956.53,28965.86,28687.32,28800.60,59.35
2021-01-06T13:00:00,28800.60,29085.71,28782.19,28952.76,78.39
2021-01-06T14:00:00,28952.76,29031.39,28832.40,28957.24,91.97
2021-01-06T15:00:00,28957.24,29217.62,28893.23,29216.61,48.96
2021-01-06T16:00:00,29216.61,29284.54,29004.44,29080.25,79.37
2021-01-06T17:00:00,29080.25,29128.84,28897.41,28906.29,61.65
2021-01-06T18:00:00,28906.29,29016.46,28773.87,28961.55,78.95
2021-01-06T19:00:00,28961.55,29059.48,28749.20,28801.75,84.37
2021-01-06T20:00:00,28801.75,28896.88,28607.31,28743.87,32.92
2021-01-06T21:00:00,28743.87,28770.27,28634.70,28686.20,17.49
2021-01-06T22:00:00,28686.20,28809.33,28646.55,28667.93,40.36
2021-01-06T23:00:00,28667.93,28726.57,28413.71,28462.11,27.95
2021-01-07T00:00:00,28462.11,28552.44,28417.94,28550.16,80.85
2021-01-07T01:00:00,28550.16,28585.49,28511.71,28552.24,60.58
2021-01-07T02:00:00,28552.24,28599.94,28441.49,28563.91,29.00
2021-01-07T03:00:00,28563.91,28647.57,28490.12,28607.11,69.37
2021-01-07T04:00:00,28607.11,28656.08,28445.47,28550.85,82.64
2021-01-07T05:00:00,28550.85,28697.35,28532.41,28595.47,46.15
2021-01-07T06:00:00,28595.47,28684.45,28294.02,28337.41,73.34
2021-01-07T07:00:00,28337.41,28663.67,28313.93,28592.89,43.77
2021-01-07T08:00:00,28592.89,28779.83,28578.53,28726.78,66.25
2021-01-07T09:00:00,28726.78,28863.71,28555.70,28579.75,32.56
2021-01-07T10:00:00,28579.75,28595.16,28348.97,28379.02,21.22
2021-01-07T11:00:00,28379.02,28429.57,28283.75,28365.17,13.08
2021-01-07T12:00:00,28365.17,28369.90,28058.89,28195.49,94.40
2021-01-07T13:00:00,28195.49,28286.02,27833.28,27939.10,90.18
2021-01-07T14:00:00,27939.10,28063.84,27634.93,27737.67,69.82
2021-01-07T15:00:00,27737.67,27872.88,27407.02,27493.43,20.89
2021-01-07T16:00:00,27493.43,27757.77,27389.22,27741.87,98.25
2021-01-07T17:00:00,27741.87,27814.70,27501.35,27618.57,29.18
2021-01-07T18:00:00,27618.57,27767.96,27574.86,27722.26,30.18
2021-01-07T19:00:00,27722.26,27825.02,27474.37,27519.99,60.15
2021-01-07T20:00:00,27519.99,27604.60,27385.95,27557.42,24.40
2021-01-07T21:00:00,27557.42,27840.30,27422.97,27765.67,96.80
2021-01-07T22:00:00,27765.67,28080.15,27657.03,27961.36,44.04
2021-01-07T23:00:00,27961.36,28073.72,27841.80,27885.60,41.80
2021-01-08T00:00:00,27885.60,28142.19,27778.09,28127.90,22.15
2021-01-08T01:00:00,28127.90,28350.99,27989.95,28211.08,85.67
2021-01-08T02:00:00,28211.08,28211.82,28001.39,28035.86,40.64
2021-01-08T03:00:00,28035.86,28291.58,27978.20,28246.41,32.47
2021-01-08T04:00:00,28246.41,28280.78,28063.43,28100.30,18.32
2021-01-08T05:00:00,28100.30,28126.58,27891.22,27896.74,87.87
2021-01-08T06:00:00,27896.74,28063.22,27759.98,27958.64,29.61
2021-01-08T07:00:00,27958.64,28098.30,27902.81,28059.88,58.64
2021-01-08T08:00:00,28059.88,28109.99,27921.20,27954.77,10.39
2021-01-08T09:00:00,27954.77,28121.82,27931.85,27991.71,19.79
2021-01-08T10:00:00,27991.71,28211.72,27983.38,28137.81,39.88
2021-01-08T11:00:00,28137.81,28557.62,28131.60,28419.03,68.46
2021-01-08T12:00:00,28419.03,28638.40,28413.85,28524.57,84.43
2021-01-08T13:00:00,28524.57,28584.75,28316.84,28360.63,61.75
2021-01-08T14:00:00,28360.63,28632.77,28279.02,28558.53,57.46
2021-01-08T15:00:00,28558.53,28624.23,28547.74,28601.03,88.21
2021-01-08T16:00:00,28601.03,28659.48,28195.10,28318.48,22.95
2021-01-08T17:00:00,28318.48,28348.62,28257.86,28340.66,52.74
2021-01-08T18:00:00,28340.66,28392.86,28059.47,28111.39,70.64
2021-01-08T19:00:00,28111.39,28274.03,27975.60,28219.88,31.33
2021-01-08T20:00:00,28219.88,28277.74,28100.71,28105.12,61.46
2021-01-08T21:00:00,28105.12,28201.56,27751.48,27861.70,25.21
2021-01-08T22:00:00,27861.70,27956.69,27623.68,27635.56,95.69
2021-01-08T23:00:00,27635.56,27659.95,27356.23,27413.35,93.88
2021-01-09T00:00:00,27413.35,27459.15,27275.63,27346.58,59.56
2021-01-09T01:00:00,27346.58,27527.75,27260.97,27471.84,27.60
2021-01-09T02:00:00,27471.84,27701.82,27343.01,27590.01,77.14
2021-01-09T03:00:00,27590.01,27974.46,27514.17,27865.84,58.39
2021-01-09T04:00:00,27865.84,27995.05,27743.06,27749.09,63.66
2021-01-09T05:00:00,27749.09,27805.20,27493.63,27588.93,54.94
2021-01-09T06:00:00,27588.93,27640.31,27378.93,27505.73,52.59
2021-01-09T07:00:00,27505.73,27566.51,27423.14,27504.23,51.04
2021-01-09T08:00:00,27504.23,27636.41,27466.23,27474.85,49.46
2021-01-09T09:00:00,27474.85,27557.38,27386.27,27470.04,13.27
2021-01-09T10:00:00,27470.04,27591.71,27361.67,27491.10,69.08
2021-01-09T11:00:00,27491.10,27787.67,27464.10,27720.41,74.46
2021-01-09T12:00:00,27720.41,28008.00,27618.85,27996.70,21.08
2021-01-09T13:00:00,27996.70,28100.21,27698.40,27768.02,19.32
2021-01-09T14:00:00,27768.02,27806.52,27662.72,27796.91,59.83
2021-01-09T15:00:00,27796.91,28199.35,27669.54,28071.57,57.37
2021-01-09T16:00:00,28071.57,28214.82,28030.58,28098.00,88.91
2021-01-09T17:00:00,28098.00,28255.92,28020.80,28211.66,37.95
2021-01-09T18:00:00,28211.66,28228.10,27980.68,28105.12,12.43
2021-01-09T19:00:00,28105.12,28511.58,28057.81,28379.91,83.49
2021-01-09T20:00:00,28379.91,28749.28,28280.45,28634.32,23.13
2021-01-09T21:00:00,28634.32,28756.54,28514.72,28671.97,50.31
2021-01-09T22:00:00,28671.97,28761.90,28474.26,28476.51,14.23
2021-01-09T23:00:00,28476.51,28785.88,28379.40,28660.19,19.23
2021-01-10T00:00:00,28660.19,28906.03,28628.48,28794.24,83.00
2021-01-10T01:00:00,28794.24,28954.21,28725.46,28850.04,71.62
2021-01-10T02:00:00,28850.04,28990.90,28531.16,28570.43,90.13
2021-01-10T03:00:00,28570.43,28786.56,28441.23,28670.10,63.29
2021-01-10T04:00:00,28670.10,28769.08,28454.56,28458.56,18.40
2021-01-10T05:00:00,28458.56,28569.57,28395.51,28534.86,93.36
2021-01-10T06:00:00,28534.86,28669.31,28202.91,28265.90,23.85
2021-01-10T07:00:00,28265.90,28361.88,28213.37,28325.95,84.94
2021-01-10T08:00:00,28325.95,28618.89,28211.76,28538.48,41.35
2021-01-10T09:00:00,28538.48,28576.58,28383.19,28420.10,44.57
2021-01-10T10:00:00,28420.10,28659.02,28378.89,28610.86,48.12
2021-01-10T11:00:00,28610.86,28646.09,28273.31,28413.98,76.60
2021-01-10T12:00:00,28413.98,28420.71,28153.46,28287.45,28.70
2021-01-10T13:00:00,28287.45,28330.63,27871.26,28004.66,19.31
2021-01-10T14:00:00,28004.66,28199.69,27963.95,28136.38,81.60
2021-01-10T15:00:00,28136.38,28491.36,28090.15,28378.38,45.40
2021-01-10T16:00:00,28378.38,28541.52,28300.14,28535.74,36.56
2021-01-10T17:00:00,28535.74,28617.26,28418.86,28549.61,81.72
2021-01-10T18:00:00,28549.61,28590.71,28376.73,28463.41,30.79
2021-01-10T19:00:00,28463.41,28494.02,28373.97,28474.67,69.50
2021-01-10T20:00:00,28474.67,28487.97,28280.92,28374.29,65.42
2021-01-10T21:00:00,28374.29,28518.35,28327.44,28487.75,42.64
2021-01-10T22:00:00,28487.75,28492.38,28278.13,28373.05,45.19
2021-01-10T23:00:00,28373.05,28513.85,28033.05,28141.64,71.12
2021-01-11T00:00:00,28141.64,28452.85,28123.25,28410.66,70.53
2021-01-11T01:00:00,28410.66,28620.99,28347.00,28524.31,66.76
2021-01-11T02:00:00,28524.31,28655.18,28303.22,28315.85,96.45
2021-01-11T03:00:00,28315.85,28701.02,28292.63,28598.83,84.05
2021-01-11T04:00:00,28598.83,28697.31,28563.61,28637.91,66.14
2021-01-11T05:00:00,28637.91,28746.73,28434.43,28456.38,22.03
2021-01-11T06:00:00,28456.38,28594.03,28257.24,28319.93,62.37
2021-01-11T07:00:00,28319.93,28421.97,28246.17,28417.99,63.11
2021-01-11T08:00:00,28417.99,28426.90,28224.83,28311.97,86.58
2021-01-11T09:00:00,28311.97,28323.31,28211.08,28320.95,67.89
2021-01-11T10:00:00,28320.95,28559.75,28209.27,28527.70,41.58
2021-01-11T11:00:00,28527.70,28651.73,28460.33,28482.66,60.38
2021-01-11T12:00:00,28482.66,28589.71,28212.69,28297.65,73.43
2021-01-11T13:00:00,28297.65,28503.49,28266.54,28404.41,20.49
2021-01-11T14:00:00,28404.41,28576.11,28395.91,28438.35,87.07
2021-01-11T15:00:00,28438.35,28608.93,28322.59,28514.42,61.43
2021-01-11T16:00:00,28514.42,28615.75,28371.42,28402.61,98.38
2021-01-11T17:00:00,28402.61,28571.26,28342.43,28490.25,97.95
2021-01-11T18:00:00,28490.25,28783.85,28484.70,28661.39,99.32
2021-01-11T19:00:00,28661.39,28729.89,28586.14,28709.76,95.84
2021-01-11T20:00:00,28709.76,28882.14,28682.39,28772.44,55.71
2021-01-11T21:00:00,28772.44,28898.95,28663.55,28717.22,87.58
2021-01-11T22:00:00,28717.22,28934.86,28650.45,28839.06,70.96
2021-01-11T23:00:00,28839.06,28930.37,28621.71,28710.98,81.44
2021-01-12T00:00:00,28710.98,28790.39,28478.86,28542.13,77.75
2021-01-12T01:00:00,28542.13,28606.98,28358.08,28486.99,50.32
2021-01-12T02:00:00,28486.99,28540.32,28185.12,28291.22,43.86
2021-01-12T03:00:00,28291.22,28480.33,28287.84,28419.45,79.74
2021-01-12T04:00:00,28419.45,28470.92,28131.87,28245.19,44.41
2021-01-12T05:00:00,28245.19,28257.67,27861.28,27997.35,86.09
2021-01-12T06:00:00,27997.35,28099.85,27917.74,27937.79,90.13
2021-01-12T07:00:00,27937.79,28022.08,27728.36,27772.37,49.50
2021-01-12T08:00:00,27772.37,28020.26,27744.63,27895.66,57.77
2021-01-12T09:00:00,27895.66,28151.88,27853.15,28033.42,85.27
2021-01-12T10:00:00,28033.42,28095.56,27927.72,27957.96,80.45
2021-01-12T11:00:00,27957.96,28124.70,27843.17,28103.94,45.81
2021-01-12T12:00:00,28103.94,28153.53,28040.98,28115.37,86.59
2021-01-12T13:00:00,28115.37,28248.88,27979.82,27985.60,63.85
2021-01-12T14:00:00,27985.60,28045.43,27787.10,27804.14,20.38
2021-01-12T15:00:00,27804.14,28078.30,27791.69,28057.24,75.99
2021-01-12T16:00:00,28057.24,28396.81,28011.96,28276.22,12.07
2021-01-12T17:00:00,28276.22,28405.98,27960.18,28034.01,75.86
2021-01-12T18:00:00,28034.01,28102.25,27865.01,27894.06,35.71
2021-01-12T19:00:00,27894.06,28034.31,27889.67,27956.39,18.63
2021-01-12T20:00:00,27956.39,28080.80,27685.60,27823.07,35.58
2021-01-12T21:00:00,27823.07,27840.32,27536.67,27562.91,10.06
2021-01-12T22:00:00,27562.91,27565.33,27440.36,27511.44,94.63
2021-01-12T23:00:00,27511.44,27692.08,27418.23,27633.83,13.58
2021-01-13T00:00:00,27633.83,27725.41,27480.11,27609.91,72.00
2021-01-13T01:00:00,27609.91,27821.93,27496.22,27737.64,52.82
2021-01-13T02:00:00,27737.64,27904.73,27621.64,27831.56,70.64
2021-01-13T03:00:00,27831.56,27982.47,27734.25,27950.90,96.62
2021-01-13T04:00:00,27950.90,28162.24,27855.53,28109.32,98.82
2021-01-13T05:00:00,28109.32,28127.33,27969.57,28020.70,30.95
2021-01-13T06:00:00,28020.70,28223.90,28004.64,28189.27,94.09
2021-01-13T07:00:00,28189.27,28291.17,28059.81,28279.86,27.84
2021-01-13T08:00:00,28279.86,28467.62,28270.47,28343.68,57.53
2021-01-13T09:00:00,28343.68,28388.94,28098.45,28178.73,63.48
2021-01-13T10:00:00,28178.73,28267.36,28121.04,28143.66,62.96
2021-01-13T11:00:00,28143.66,28148.50,27952.02,27986.69,34.57
2021-01-13T12:00:00,27986.69,27987.13,27691.43,27827.50,40.49
2021-01-13T13:00:00,27827.50,28090.66,27824.03,27977.93,99.03
2021-01-13T14:00:00,27977.93,28090.74,27869.92,28039.94,12.23
2021-01-13T15:00:00,28039.94,28390.61,27983.64,28317.82,40.62
2021-01-13T16:00:00,28317.82,28339.75,28266.75,28308.04,87.66
2021-01-13T17:00:00,28308.04,28510.43,28178.56,28489.23,62.76
2021-01-13T18:00:00,28489.23,28613.33,28358.69,28382.27,70.52
2021-01-13T19:00:00,28382.27,28445.70,28096.42,28166.02,43.17
2021-01-13T20:00:00,28166.02,28182.25,27917.73,27979.53,80.60
2021-01-13T21:00:00,27979.53,28140.10,27904.69,28058.17,11.52
2021-01-13T22:00:00,28058.17,28110.44,27847.24,27865.36,57.61
2021-01-13T23:00:00,27865.36,27917.21,27725.45,27780.48,35.14
2021-01-14T00:00:00,27780.48,28134.04,27725.76,28011.23,21.21
2021-01-14T01:00:00,28011.23,28129.20,27911.57,28019.28,99.20
2021-01-14T02:00:00,28019.28,28392.34,27916.74,28294.41,11.04
2021-01-14T03:00:00,28294.41,28314.02,27968.22,28037.74,28.52
2021-01-14T04:00:00,28037.74,28260.33,27915.40,28223.52,96.85
2021-01-14T05:00:00,28223.52,28296.57,28047.59,28070.08,68.75
2021-01-14T06:00:00,28070.08,28163.18,27763.49,27871.02,67.85
2021-01-14T07:00:00,27871.02,27955.62,27775.52,27939.67,67.76
2021-01-14T08:00:00,27939.67,28022.96,27585.10,27719.59,11.77
2021-01-14T09:00:00,27719.59,28074.12,27652.07,27937.61,78.97
2021-01-14T10:00:00,27937.61,28227.93,27908.60,28108.16,59.32
2021-01-14T11:00:00,28108.16,28447.89,28073.95,28374.86,19.21
2021-01-14T12:00:00,28374.86,28773.43,28330.20,28645.87,45.11
2021-01-14T13:00:00,28645.87,29013.64,28633.64,28903.11,26.46
2021-01-14T14:00:00,28903.11,29267.64,28758.94,29132.12,96.57
2021-01-14T15:00:00,29132.12,29165.90,28961.55,29036.60,47.82
2021-01-14T16:00:00,29036.60,29098.81,28906.18,28994.96,28.62
2021-01-14T17:00:00,28994.96,29252.35,28916.86,29156.94,90.16
2021-01-14T18:00:00,29156.94,29412.28,29049.32,29278.68,54.85
2021-01-14T19:00:00,29278.68,29551.58,29271.74,29495.15,68.39
2021-01-14T20:00:00,29495.15,29563.49,29279.39,29400.62,66.29
2021-01-14T21:00:00,29400.62,29521.28,29242.50,29299.61,60.40
2021-01-14T22:00:00,29299.61,29534.43,29182.63,29418.11,87.90
2021-01-14T23:00:00,29418.11,29642.81,29386.29,29568.84,46.07
2021-01-15T00:00:00,29568.84,29698.20,29214.53,29340.61,37.30
2021-01-15T01:00:00,29340.61,29452.40,29210.90,29450.46,11.76
2021-01-15T02:00:00,29450.46,29534.00,29212.82,29292.52,11.36
2021-01-15T03:00:00,29292.52,29667.98,29162.00,29524.61,47.00
2021-01-15T04:00:00,29524.61,29707.88,29449.86,29626.49,58.35
2021-01-15T05:00:00,29626.49,29658.38,29486.81,29600.67,11.37
2021-01-15T06:00:00,29600.67,29708.23,29524.51,29555.52,47.50
2021-01-15T07:00:00,29555.52,29575.47,29442.10,29511.53,67.97
2021-01-15T08:00:00,29511.53,29648.28,29409.33,29567.59,60.17
2021-01-15T09:00:00,29567.59,29576.40,29203.01,29328.66,76.26
2021-01-15T10:00:00,29328.66,29437.37,29293.00,29423.49,15.94
2021-01-15T11:00:00,29423.49,29691.31,29303.15,29676.55,86.73
2021-01-15T12:00:00,29676.55,29801.83,29533.60,29694.84,35.01
2021-01-15T13:00:00,29694.84,29745.27,29509.78,29655.15,48.91
2021-01-15T14:00:00,29655.15,29785.63,29409.04,29521.46,40.85
2021-01-15T15:00:00,29521.46,29777.70,29493.38,29750.26,50.39
2021-01-15T16:00:00,29750.26,30054.54,29655.10,29971.61,59.34
2021-01-15T17:00:00,29971.61,30052.77,29665.70,29684.84,69.50
2021-01-15T18:00:00,29684.84,29827.64,29605.34,29703.33,73.65
2021-01-15T19:00:00,29703.33,29773.39,29661.00,29684.80,35.72
2021-01-15T20:00:00,29684.80,29769.16,29390.43,29454.53,58.55
2021-01-15T21:00:00,29454.53,29548.95,29345.49,29530.48,94.67
2021-01-15T22:00:00,29530.48,29686.66,29524.47,29663.91,99.61
2021-01-15T23:00:00,29663.91,29836.66,29646.20,29791.71,77.85
2021-01-16T00:00:00,29791.71,29873.32,29595.48,29685.37,91.10
2021-01-16T01:00:00,29685.37,29777.29,29622.78,29650.30,51.22
2021-01-16T02:00:00,29650.30,29770.05,29558.51,29635.04,68.79
2021-01-16T03:00:00,29635.04,29978.64,29597.28,29842.13,91.53
2021-01-16T04:00:00,29842.13,30138.38,29738.56,30106.29,37.35
2021-01-16T05:00:00,30106.29,30190.68,30048.08,30080.60,92.27
2021-01-16T06:00:00,30080.60,30137.71,30044.77,30051.46,45.75
2021-01-16T07:00:00,30051.46,30169.04,29871.18,29959.64,71.87
2021-01-16T08:00:00,29959.64,30271.91,29814.70,30161.20,16.02
2021-01-16T09:00:00,30161.20,30340.63,30057.77,30309.20,81.56
2021-01-16T10:00:00,30309.20,30315.79,30263.39,30290.21,51.93
2021-01-16T11:00:00,30290.21,30436.77,29992.75,29994.50,12.11
2021-01-16T12:00:00,29994.50,30306.88,29858.02,30170.86,82.49
2021-01-16T13:00:00,30170.86,30196.03,30092.37,30105.67,65.92
2021-01-16T14:00:00,30105.67,30482.44,30085.58,30403.92,93.45
2021-01-16T15:00:00,30403.92,30483.08,30395.37,30422.51,44.56
2021-01-16T16:00:00,30422.51,30549.70,30393.00,30470.51,18.59
2021-01-16T17:00:00,30470.51,30521.84,30124.11,30270.48,74.99
2021-01-16T18:00:00,30270.48,30534.63,30268.35,30404.26,38.05
2021-01-16T19:00:00,30404.26,30681.38,30322.52,30571.09,17.85
2021-01-16T20:00:00,30571.09,30725.84,30534.46,30671.70,34.56
2021-01-16T21:00:00,30671.70,30732.40,30530.73,30721.63,74.58
2021-01-16T22:00:00,30721.63,31087.67,30665.07,30969.23,43.24
2021-01-16T23:00:00,30969.23,31274.27,30903.62,31215.18,57.07
2021-01-17T00:00:00,31215.18,31249.45,30855.74,30951.33,33.46
2021-01-17T01:00:00,30951.33,31018.71,30685.99,30696.25,67.25
2021-01-17T02:00:00,30696.25,30716.99,30422.55,30530.20,79.44
2021-01-17T03:00:00,30530.20,30611.26,30300.92,30319.80,85.89
2021-01-17T04:00:00,30319.80,30608.42,30258.24,30483.12,80.90
2021-01-17T05:00:00,30483.12,30715.00,30339.05,30603.37,76.16
2021-01-17T06:00:00,30603.37,30789.09,30598.20,30734.33,71.34
2021-01-17T07:00:00,30734.33,30923.95,30663.22,30905.86,40.99
2021-01-17T08:00:00,30905.86,30985.28,30679.56,30717.21,25.26
2021-01-17T09:00:00,30717.21,30744.43,30367.35,30517.26,26.66
2021-01-17T10:00:00,30517.26,30576.20,30288.95,30438.66,98.84
2021-01-17T11:00:00,30438.66,30582.42,30047.27,30162.45,80.22
2021-01-17T12:00:00,30162.45,30278.77,30108.95,30126.48,24.85
2021-01-17T13:00:00,30126.48,30183.74,30105.15,30118.99,57.00
2021-01-17T14:00:00,30118.99,30306.92,30076.88,30298.56,90.73
2021-01-17T15:00:00,30298.56,30349.38,30006.61,30026.84,63.26
2021-01-17T16:00:00,30026.84,30056.35,29898.35,29945.81,95.12
2021-01-17T17:00:00,29945.81,30115.30,29840.19,30082.54,84.19
2021-01-17T18:00:00,30082.54,30421.22,30026.35,30343.91,85.07
2021-01-17T19:00:00,30343.91,30437.23,30009.95,30147.80,50.84
2021-01-17T20:00:00,30147.80,30276.75,30123.48,30176.51,84.07
2021-01-17T21:00:00,30176.51,30434.04,30057.42,30374.06,79.08
2021-01-17T22:00:00,30374.06,30548.72,30303.85,30504.93,54.44
2021-01-17T23:00:00,30504.93,30550.48,30268.02,30297.24,76.44
2021-01-18T00:00:00,30297.24,30408.34,29999.28,30072.23,29.75
2021-01-18T01:00:00,30072.23,30451.12,30037.28,30313.39,76.88
2021-01-18T02:00:00,30313.39,30631.90,30243.57,30502.77,49.06
2021-01-18T03:00:00,30502.77,30928.88,30445.74,30788.60,40.27
2021-01-18T04:00:00,30788.60,30881.65,30489.06,30542.81,18.21
2021-01-18T05:00:00,30542.81,30954.12,30530.09,30829.27,36.71
2021-01-18T06:00:00,30829.27,31049.64,30683.01,31039.73,66.74
2021-01-18T07:00:00,31039.73,31309.81,30969.63,31197.21,61.69
2021-01-18T08:00:00,31197.21,31220.42,31002.88,31003.69,19.08
2021-01-18T09:00:00,31003.69,31342.91,31003.46,31192.29,43.80
2021-01-18T10:00:00,31192.29,31231.05,30972.75,30973.64,39.04
2021-01-18T11:00:00,30973.64,31000.59,30753.76,30820.98,60.69
2021-01-18T12:00:00,30820.98,30936.37,30524.66,30649.57,33.99
2021-01-18T13:00:00,30649.57,30789.84,30452.70,30527.04,75.43
2021-01-18T14:00:00,30527.04,30820.93,30491.80,30756.55,75.78
2021-01-18T15:00:00,30756.55,30897.66,30611.47,30660.23,94.36
2021-01-18T16:00:00,30660.23,30917.33,30542.66,30818.45,32.38
2021-01-18T17:00:00,30818.45,30861.87,30562.25,30694.21,38.14
2021-01-18T18:00:00,30694.21,30909.66,30556.00,30844.87,25.77
2021-01-18T19:00:00,30844.87,31081.46,30840.75,30985.99,37.74
2021-01-18T20:00:00,30985.99,31222.79,30943.39,31204.68,16.61
2021-01-18T21:00:00,31204.68,31251.52,31084.87,31122.77,86.92
2021-01-18T22:00:00,31122.77,31235.27,30783.33,30842.26,56.40
2021-01-18T23:00:00,30842.26,30939.02,30820.77,30834.32,62.87
2021-01-19T00:00:00,30834.32,30941.84,30723.38,30739.20,31.11
2021-01-19T01:00:00,30739.20,31064.22,30732.39,30922.01,38.94
2021-01-19T02:00:00,30922.01,31041.95,30792.84,30940.61,16.10
2021-01-19T03:00:00,30940.61,30945.68,30693.23,30800.77,86.59
2021-01-19T04:00:00,30800.77,30890.91,30400.22,30523.32,77.09
2021-01-19T05:00:00,30523.32,30690.04,30437.63,30570.68,30.58
2021-01-19T06:00:00,30570.68,30733.33,30514.54,30714.77,36.89
2021-01-19T07:00:00,30714.77,30787.59,30422.07,30548.92,61.29
2021-01-19T08:00:00,30548.92,30863.71,30536.51,30751.08,12.69
2021-01-19T09:00:00,30751.08,30807.57,30709.50,30759.34,97.86
2021-01-19T10:00:00,30759.34,30780.27,30440.35,30457.80,63.01
2021-01-19T11:00:00,30457.80,30598.65,30335.30,30449.73,39.61
2021-01-19T12:00:00,30449.73,30565.66,30254.78,30403.44,96.71
2021-01-19T13:00:00,30403.44,30535.57,30194.40,30327.24,68.91
2021-01-19T14:00:00,30327.24,30426.42,30042.14,30170.32,68.35
2021-01-19T15:00:00,30170.32,30281.25,29969.43,30007.14,38.52
2021-01-19T16:00:00,30007.14,30150.43,29943.13,30108.30,85.36
2021-01-19T17:00:00,30108.30,30172.64,29916.15,30061.12,73.39
2021-01-19T18:00:00,30061.12,30119.79,29916.12,29944.02,78.66
2021-01-19T19:00:00,29944.02,30216.89,29864.17,30192.75,91.77
2021-01-19T20:00:00,30192.75,30302.41,29854.92,29956.76,46.90
2021-01-19T21:00:00,29956.76,29974.63,29803.52,29823.27,37.25
2021-01-19T22:00:00,29823.27,29999.48,29736.10,29884.72,40.05
2021-01-19T23:00:00,29884.72,30011.20,29688.30,29803.60,69.78
2021-01-20T00:00:00,29803.60,29874.89,29642.95,29664.02,65.79
2021-01-20T01:00:00,29664.02,29682.73,29452.89,29533.84,74.76
2021-01-20T02:00:00,29533.84,29943.74,29392.29,29823.59,73.48
2021-01-20T03:00:00,29823.59,29867.79,29604.36,29703.03,34.10
2021-01-20T04:00:00,29703.03,29742.72,29509.86,29651.40,69.98
2021-01-20T05:00:00,29651.40,29921.62,29575.95,29822.25,92.03
2021-01-20T06:00:00,29822.25,29929.91,29600.98,29683.21,67.26
2021-01-20T07:00:00,29683.21,29700.81,29489.20,29586.65,45.45
2021-01-20T08:00:00,29586.65,29810.41,29571.95,29710.38,79.29
2021-01-20T09:00:00,29710.38,30058.43,29691.77,29930.66,74.95
2021-01-20T10:00:00,29930.66,30253.26,29925.11,30142.33,91.40
2021-01-20T11:00:00,30142.33,30163.88,29748.99,29876.10,94.13
2021-01-20T12:00:00,29876.10,29923.42,29529.36,29578.89,42.10
2021-01-20T13:00:00,29578.89,29672.00,29444.53,29644.92,73.82
2021-01-20T14:00:00,29644.92,29979.25,29533.43,29905.08,47.21
2021-01-20T15:00:00,29905.08,29965.43,29661.05,29738.52,99.04
2021-01-20T16:00:00,29738.52,30007.02,29629.81,29882.39,93.93
2021-01-20T17:00:00,29882.39,30113.41,29860.01,30011.94,18.17
2021-01-20T18:00:00,30011.94,30027.37,29734.06,29851.27,20.54
2021-01-20T19:00:00,29851.27,29976.17,29780.67,29875.11,73.91
2021-01-20T20:00:00,29875.11,30113.26,29818.01,30011.14,84.48
2021-01-20T21:00:00,30011.14,30103.28,29642.60,29746.52,86.37
2021-01-20T22:00:00,29746.52,29799.91,29455.00,29493.24,31.26
2021-01-20T23:00:00,29493.24,29768.63,29407.96,29700.06,82.22
2021-01-21T00:00:00,29700.06,29808.31,29349.15,29419.92,91.96
2021-01-21T01:00:00,29419.92,29698.90,29350.83,29691.43,58.06
2021-01-21T02:00:00,29691.43,29703.75,29512.81,29594.46,59.16
2021-01-21T03:00:00,29594.46,29641.31,29385.45,29511.50,82.92
2021-01-21T04:00:00,29511.50,29565.24,29461.91,29522.42,27.95
2021-01-21T05:00:00,29522.42,29818.93,29398.88,29766.64,16.87
2021-01-21T06:00:00,29766.64,29974.72,29643.58,29849.10,20.48
2021-01-21T07:00:00,29849.10,29976.48,29694.67,29807.55,93.53
2021-01-21T08:00:00,29807.55,29889.07,29537.44,29659.34,77.98
2021-01-21T09:00:00,29659.34,29836.99,29516.14,29813.16,81.94
2021-01-21T10:00:00,29813.16,29890.91,29617.80,29644.59,15.46
2021-01-21T11:00:00,29644.59,29840.24,29604.03,29839.08,45.87
2021-01-21T12:00:00,29839.08,30066.05,29826.54,29991.96,71.58
2021-01-21T13:00:00,29991.96,30103.54,29920.27,29973.22,62.21
2021-01-21T14:00:00,29973.22,30340.34,29921.95,30208.99,23.78
2021-01-21T15:00:00,30208.99,30223.22,30071.84,30191.28,15.90
2021-01-21T16:00:00,30191.28,30449.62,30152.70,30385.56,18.61
2021-01-21T17:00:00,30385.56,30460.25,30264.73,30436.34,25.00
2021-01-21T18:00:00,30436.34,30522.63,30275.10,30335.56,47.05
2021-01-21T19:00:00,30335.56,30534.93,30295.95,30491.23,37.98
2021-01-21T20:00:00,30491.23,30731.64,30418.34,30726.09,77.79
2021-01-21T21:00:00,30726.09,30961.61,30630.19,30837.56,18.83
2021-01-21T22:00:00,30837.56,30862.58,30613.84,30731.50,69.53
2021-01-21T23:00:00,30731.50,30815.93,30653.94,30794.53,84.62
2021-01-22T00:00:00,30794.53,31011.34,30658.48,30879.29,22.10
2021-01-22T01:00:00,30879.29,31120.82,30855.75,30983.26,15.12
2021-01-22T02:00:00,30983.26,31054.76,30650.41,30757.02,64.17
2021-01-22T03:00:00,30757.02,31111.92,30707.39,30992.32,46.06
2021-01-22T04:00:00,30992.32,31077.28,30770.96,30788.06,75.69
2021-01-22T05:00:00,30788.06,30891.76,30724.41,30781.99,78.38
2021-01-22T06:00:00,30781.99,30917.05,30366.34,30510.64,14.75
2021-01-22T07:00:00,30510.64,30563.84,30205.01,30209.73,63.43
2021-01-22T08:00:00,30209.73,30301.01,29875.52,29939.14,54.88
2021-01-22T09:00:00,29939.14,29968.66,29590.00,29700.91,11.51
2021-01-22T10:00:00,29700.91,29731.88,29311.09,29445.84,57.83
2021-01-22T11:00:00,29445.84,29495.17,29331.10,29357.98,16.31
2021-01-22T12:00:00,29357.98,29560.16,29352.44,29415.17,82.32
2021-01-22T13:00:00,29415.17,29554.83,29319.31,29373.19,76.30
2021-01-22T14:00:00,29373.19,29559.37,29336.74,29517.09,63.90
2021-01-22T15:00:00,29517.09,29547.59,29311.24,29349.55,47.99
2021-01-22T16:00:00,29349.55,29614.58,29274.04,29555.97,36.34
2021-01-22T17:00:00,29555.97,29661.88,29491.01,29544.53,32.35
2021-01-22T18:00:00,29544.53,29615.15,29239.75,29351.92,25.52
2021-01-22T19:00:00,29351.92,29355.31,29058.72,29127.30,74.48
2021-01-22T20:00:00,29127.30,29478.77,28994.12,29368.68,31.45
2021-01-22T21:00:00,29368.68,29720.76,29228.90,29641.25,49.75
2021-01-22T22:00:00,29641.25,29836.17,29538.16,29818.25,62.68
2021-01-22T23:00:00,29818.25,29967.38,29766.73,29899.13,39.01
2021-01-23T00:00:00,29899.13,30190.04,29768.79,30186.92,83.58
2021-01-23T01:00:00,30186.92,30497.68,30049.21,30353.65,82.72
2021-01-23T02:00:00,30353.65,30388.18,30294.05,30339.37,32.64
2021-01-23T03:00:00,30339.37,30764.77,30219.51,30640.80,42.33
2021-01-23T04:00:00,30640.80,30885.43,30506.92,30773.38,46.86
2021-01-23T05:00:00,30773.38,30813.08,30504.83,30644.93,19.83
2021-01-23T06:00:00,30644.93,30711.09,30302.37,30437.03,70.19
2021-01-23T07:00:00,30437.03,30741.59,30316.81,30672.44,91.99
2021-01-23T08:00:00,30672.44,30868.85,30646.68,30801.82,80.69
2021-01-23T09:00:00,30801.82,30943.79,30634.46,30749.94,60.15
2021-01-23T10:00:00,30749.94,30902.37,30702.96,30764.82,83.03
2021-01-23T11:00:00,30764.82,31127.19,30728.80,30999.57,71.30
2021-01-23T12:00:00,30999.57,31160.70,30938.83,31121.84,78.82
2021-01-23T13:00:00,31121.84,31302.67,31083.05,31215.22,17.35
2021-01-23T14:00:00,31215.22,31488.57,31106.76,31482.98,94.14
2021-01-23T15:00:00,31482.98,31618.94,31424.93,31462.98,55.21
2021-01-23T16:00:00,31462.98,31582.26,31341.05,31490.96,41.24
2021-01-23T17:00:00,31490.96,31741.58,31366.74,31611.85,49.80
2021-01-23T18:00:00,31611.85,31629.45,31260.75,31410.99,31.87
2021-01-23T19:00:00,31410.99,31628.93,31301.48,31591.61,63.04
2021-01-23T20:00:00,31591.61,31843.40,31543.60,31736.99,61.43
2021-01-23T21:00:00,31736.99,31929.97,31608.54,31882.76,40.35
2021-01-23T22:00:00,31882.76,32191.06,31778.41,32047.65,16.29
2021-01-23T23:00:00,32047.65,32303.25,31997.20,32281.45,36.73
2021-01-24T00:00:00,32281.45,32401.75,31944.14,31995.44,23.01
2021-01-24T01:00:00,31995.44,32268.77,31942.07,32212.01,80.83
2021-01-24T02:00:00,32212.01,32679.54,32146.29,32531.59,28.66
2021-01-24T03:00:00,32531.59,32554.61,32316.65,32323.05,91.53
2021-01-24T04:00:00,32323.05,32324.12,32225.19,32284.24,88.55
2021-01-24T05:00:00,32284.24,32422.87,31971.14,31983.77,92.59
2021-01-24T06:00:00,31983.77,32342.71,31860.53,32299.82,33.61
2021-01-24T07:00:00,32299.82,32318.15,32171.93,32173.78,45.36
2021-01-24T08:00:00,32173.78,32174.29,31843.50,31864.33,43.78
2021-01-24T09:00:00,31864.33,32325.41,31706.05,32165.60,91.16
2021-01-24T10:00:00,32165.60,32427.98,32161.47,32313.36,92.90
2021-01-24T11:00:00,32313.36,32615.75,32245.09,32534.60,44.62
2021-01-24T12:00:00,32534.60,32605.93,32257.72,32391.97,97.06
2021-01-24T13:00:00,32391.97,32459.14,32152.08,32311.59,72.86
2021-01-24T14:00:00,32311.59,32434.18,32108.59,32220.70,35.56
2021-01-24T15:00:00,32220.70,32364.35,31917.55,31934.08,53.98
2021-01-24T16:00:00,31934.08,32266.68,31806.52,32133.39,46.67
2021-01-24T17:00:00,32133.39,32372.47,32081.40,32253.93,87.23
2021-01-24T18:00:00,32253.93,32330.60,31926.94,31940.81,56.66
2021-01-24T19:00:00,31940.81,31958.63,31832.87,31881.93,15.21
2021-01-24T20:00:00,31881.93,31925.96,31794.29,31846.69,60.43
2021-01-24T21:00:00,31846.69,31920.62,31556.43,31623.00,27.74
2021-01-24T22:00:00,31623.00,31731.51,31175.88,31318.85,22.49
2021-01-24T23:00:00,31318.85,31437.08,31078.04,31082.56,45.12
2021-01-25T00:00:00,31082.56,31180.19,30904.28,30983.21,49.54
2021-01-25T01:00:00,30983.21,31051.00,30815.04,30938.44,74.73
2021-01-25T02:00:00,30938.44,31339.69,30848.59,31227.31,54.89
2021-01-25T03:00:00,31227.31,31365.89,31190.75,31362.72,63.00
2021-01-25T04:00:00,31362.72,31807.78,31336.97,31672.15,94.37
2021-01-25T05:00:00,31672.15,31953.65,31539.24,31943.11,83.76
2021-01-25T06:00:00,31943.11,31966.40,31699.79,31804.92,30.91
2021-01-25T07:00:00,31804.92,32151.42,31747.60,32110.89,15.07
2021-01-25T08:00:00,32110.89,32309.58,31990.90,32252.28,45.43
2021-01-25T09:00:00,32252.28,32416.14,32164.04,32392.88,60.75
2021-01-25T10:00:00,32392.88,32663.51,32244.69,32559.32,10.99
2021-01-25T11:00:00,32559.32,32693.53,32520.79,32572.29,12.00
2021-01-25T12:00:00,32572.29,32678.35,32496.66,32506.50,65.02
2021-01-25T13:00:00,32506.50,32515.29,32194.27,32247.66,77.78
2021-01-25T14:00:00,32247.66,32335.47,32127.31,32293.84,20.74
2021-01-25T15:00:00,32293.84,32470.12,32280.57,32429.05,12.25
2021-01-25T16:00:00,32429.05,32652.94,32282.09,32564.05,18.02
2021-01-25T17:00:00,32564.05,32569.24,32370.26,32514.87,76.18
2021-01-25T18:00:00,32514.87,32967.47,32375.53,32818.45,36.70
2021-01-25T19:00:00,32818.45,33151.29,32743.76,33089.07,37.59
2021-01-25T20:00:00,33089.07,33244.43,32875.59,33000.31,71.85
2021-01-25T21:00:00,33000.31,33023.50,32675.20,32693.62,60.30
2021-01-25T22:00:00,32693.62,32889.14,32578.51,32879.16,55.36
2021-01-25T23:00:00,32879.16,33116.82,32818.01,33003.93,95.14
